disease,fatality_rate,avg_los,beds_per_patient,days_to_die
Yellow fever,0.0598055915056959,60.0,18.0,67.1766709806835
Endocarditis,0.0704235979542483,43.0,12.9,49.05642942406535
Atrial fibrillation and flutter,0.075121386423757,30.0,9.0,34.50728318542542
Pulmonary Arterial Hypertension,0.5020138775400806,30.0,9.0,60.120832652404836
Other drug use disorders,0.0020856674700692,30.0,9.0,30.125140048204152
Appendicitis,0.0013067531559911,30.0,9.0,30.07840518935946
Decubitus ulcer,0.0208978574381714,28.0,8.4,29.1702800165376
Cellulitis,0.0020805406669136,23.0,6.9,23.095704870678027
Ischemic heart disease,0.6994547389104717,8.0,5.6,19.191275822567547
Ischemic stroke,0.387042820133016,8.0,5.6,14.192685122128257
Rheumatic heart disease,0.0884711130720615,8.0,5.6,9.415537809152983
Congenital heart anomalies,0.1333320974748379,8.0,5.6,10.133313559597406
Chronic obstructive pulmonary disease,0.2056121610143675,16.5,4.95,23.28520131347413
Intracerebral hemorrhage,0.8141881996204612,16.0,4.8,42.05402238785476
COVID-19,0.000123138512587,5.0,3.5,5.0012313851258705
Multiple sclerosis,0.3055348972330293,11.0,3.3,17.721767739126644
Thyroid diseases,0.0004572626960155,11.0,3.3,11.010059779312343
Larynx cancer,0.5526740978209506,10.0,3.0,21.053481956419013
Gallbladder and biliary tract cancer,0.80192063442689,10.0,3.0,26.038412688537804
Thyroid cancer,0.1717168575019858,10.0,3.0,13.434337150039717
Ovarian cancer,0.6524883570920902,10.0,3.0,23.0497671418418
Testicular cancer,0.1188403583338283,10.0,3.0,12.376807166676567
Pancreatic cancer,0.9551456464603786,10.0,3.0,29.10291292920757
Liver cancer due to NASH,0.9135666592276316,10.0,3.0,28.27133318455263
Liver cancer due to other causes,0.8533432903821649,10.0,3.0,27.0668658076433
Liver cancer due to alcohol use,0.8797584628590049,10.0,3.0,27.5951692571801
Other eye cancers,0.4376627795670125,10.0,3.0,18.75325559134025
"Tracheal, bronchus, and lung cancer",0.8780915878313804,10.0,3.0,27.56183175662761
Brain and central nervous system cancer,0.6900236269643687,10.0,3.0,23.800472539287373
Kidney cancer,0.4121876094766418,10.0,3.0,18.243752189532835
Bladder cancer,0.4079392799270033,10.0,3.0,18.158785598540067
Colon and rectum cancer,0.4787230849197029,10.0,3.0,19.574461698394057
Other pharynx cancer,0.5905341904861239,10.0,3.0,21.810683809722477
Uterine cancer,0.2076753704763499,10.0,3.0,14.153507409526998
Total cancers,0.4021318378722252,10.0,3.0,18.042636757444505
Stomach cancer,0.7312287944909834,10.0,3.0,24.624575889819667
Liver cancer due to hepatitis B,0.8593214788296016,10.0,3.0,27.186429576592033
Liver cancer due to hepatitis C,0.9080266944190276,10.0,3.0,28.160533888380552
Esophageal cancer,0.9342138241014512,10.0,3.0,28.684276482029027
Nasopharynx cancer,0.4451829164546572,10.0,3.0,18.903658329093144
Cervical cancer,0.4166737077955387,10.0,3.0,18.333474155910775
Breast cancer,0.3332217956870945,10.0,3.0,16.66443591374189
Lip and oral cavity cancer,0.5246789438609092,10.0,3.0,20.493578877218184
Prostate cancer,0.3337290183921881,10.0,3.0,16.674580367843763
Interstitial lung disease and pulmonary sarcoidosis,0.4978721649652012,7.0,2.1,13.970210309512815
Extensively drug-resistant tuberculosis,0.2795706937522178,7.0,2.1,10.913989712531048
Gallbladder and biliary diseases,0.0019427605520736,6.5,1.95,6.525255887176957
Other transport injuries,0.0282500044183021,6.333333333333333,1.9,6.691166722631825
Malaria,0.0025835669262118,6.0,1.7999999999999998,6.031002803114541
Sickle cell disorders,0.1003171784279277,6.0,1.7999999999999998,7.203806141135133
Dengue,0.0014054205353383,6.0,1.7999999999999998,6.01686504642406
HIV/AIDS - Extensively drug-resistant Tuberculosis,0.7157219140221429,6.0,1.7999999999999998,14.588662968265716
HIV/AIDS - Drug-susceptible Tuberculosis,0.2530541301253656,6.0,1.7999999999999998,9.036649561504387
HIV/AIDS - Multidrug-resistant Tuberculosis without extensive drug resistance,0.6963132179679742,6.0,1.7999999999999998,14.355758615615692
Other hemoglobinopathies and hemolytic anemias,inf,6.0,1.7999999999999998,inf
HIV/AIDS resulting in other diseases,0.3030852459802408,6.0,1.7999999999999998,9.637022951762889
Thalassemias,0.1190162334532109,5.0,1.5,6.190162334532109
Lower extremity peripheral arterial disease,0.0059089741443575,5.0,1.5,5.059089741443575
Multiple myeloma,0.7036204397664483,5.0,1.5,12.036204397664482
Other gynecological diseases,1.6390482151039838e-05,5.0,1.5,5.000163904821511
Diphtheria,0.1155335615257283,5.0,1.5,6.1553356152572825
Pertussis,0.0060796077639618,5.0,1.5,5.060796077639617
Measles,0.0075803212743645,5.0,1.5,5.0758032127436445
Tetanus,0.3694650633327328,5.0,1.5,8.694650633327328
Other malignant neoplasms,0.4903598282431148,5.0,1.5,9.903598282431147
Otitis media,1.655390698648458e-06,5.0,1.5,5.0000165539069865
Meningitis,0.1019891197431008,5.0,1.5,6.019891197431008
Encephalitis,0.0448294909850364,5.0,1.5,5.448294909850365
Unintentional firearm injuries,0.0088093186202024,5.0,1.5,5.088093186202024
Malignant neoplasm of bone and articular cartilage,0.6873863425513003,5.0,1.5,11.873863425513003
Soft tissue and other extraosseous sarcomas,0.436389921601,5.0,1.5,9.36389921601
Hepatoblastoma,0.567806139626685,5.0,1.5,10.678061396266848
Burkitt lymphoma,0.4064486234748727,5.0,1.5,9.064486234748728
Other non-Hodgkin lymphoma,0.4425909203732544,5.0,1.5,9.425909203732544
Foreign body in other body part,0.0001555472993005,5.0,1.5,5.0015554729930045
Pulmonary aspiration and foreign body in airway,0.0897500813751473,5.0,1.5,5.897500813751472
Non-venomous animal contact,0.0002592402757416,5.0,1.5,5.002592402757417
Venomous animal contact,0.0058258959441966,5.0,1.5,5.058258959441966
Urolithiasis,0.0002256282281363,5.0,1.5,5.002256282281364
Chronic kidney disease due to diabetes mellitus type 2,0.0841499922461835,5.0,1.5,5.841499922461835
Neuroblastoma and other peripheral nervous cell tumors,0.2794267102978557,5.0,1.5,7.794267102978557
Chronic kidney disease due to diabetes mellitus type 1,1.5596009473752326,5.0,1.5,20.596009473752325
Maternal abortion and miscarriage,0.0003080417824367,5.0,1.5,5.003080417824367
Other unintentional injuries,0.0005550120322141,5.0,1.5,5.005550120322141
Varicella and herpes zoster,0.0001730866382742,5.0,1.5,5.001730866382742
Chagas disease,0.0239399916876071,5.0,1.5,5.239399916876071
Mesothelioma,0.9513526878334227,5.0,1.5,14.513526878334226
Hodgkin lymphoma,0.3887462253334707,5.0,1.5,8.887462253334707
Subarachnoid hemorrhage,0.3932351750785224,5.0,1.5,8.932351750785223
Acute hepatitis E,8.723437262671576e-05,5.0,1.5,5.000872343726267
Syphilis,0.0040589907657347,5.0,1.5,5.040589907657347
Other exposure to mechanical forces,0.0007088954912183,5.0,1.5,5.0070889549121835
Retinoblastoma,0.5554006301621969,5.0,1.5,10.554006301621968
Acute hepatitis B,0.0006647752182208,5.0,1.5,5.006647752182208
Acute hepatitis A,0.0002282224975325,5.0,1.5,5.002282224975325
Uterine fibroids,0.0003862133456066,5.0,1.5,5.0038621334560665
Genital prolapse,0.0001134041650792,5.0,1.5,5.001134041650792
Endometriosis,4.826389173523909e-05,5.0,1.5,5.000482638917353
Acute hepatitis C,0.0009823976353355,5.0,1.5,5.0098239763533545
Self-harm by other specified means,0.1189449314114022,5.0,1.5,6.189449314114022
Other digestive diseases,0.0047274377421648,5.0,1.5,5.0472743774216475
Other direct maternal disorders,0.0026026241293041,5.0,1.5,5.026026241293041
Maternal hypertensive disorders,0.0031637692353724,5.0,1.5,5.0316376923537245
Maternal hemorrhage,0.0052373010225776,5.0,1.5,5.052373010225776
Other neglected tropical diseases,inf,5.0,1.5,inf
Rabies,0.9551495224992188,5.0,1.5,14.551495224992188
Cystic echinococcosis,0.0123178816728844,5.0,1.5,5.123178816728844
Chronic kidney disease due to other and unspecified causes,0.0334161936566008,5.0,1.5,5.334161936566008
Chronic kidney disease due to glomerulonephritis,0.2382008296603381,5.0,1.5,7.382008296603381
Anorexia nervosa,0.0001867716205139,5.0,1.5,5.0018677162051395
Chronic kidney disease due to hypertension,0.1957620327774608,5.0,1.5,6.957620327774608
Acute glomerulonephritis,0.0211925182358262,5.0,1.5,5.211925182358263
Exposure to forces of nature,0.0117724854622241,5.0,1.5,5.1177248546222405
Physical violence by other means,0.0059684150405457,5.0,1.5,5.059684150405457
Total burden related to hepatitis C,0.0410137798297747,5.0,1.5,5.410137798297747
Crohn's disease,0.0531271475529731,5.0,1.5,5.531271475529731
Total burden related to hepatitis B,0.0083166062381432,5.0,1.5,5.083166062381432
Ulcerative colitis,0.1576325809943806,5.0,1.5,6.576325809943806
Visceral leishmaniasis,0.2326890249537532,5.0,1.5,7.3268902495375325
Other benign and in situ neoplasms,0.0007031790680902,5.0,1.5,5.0070317906809025
Cirrhosis due to other causes,0.4629845825918219,5.0,1.5,9.62984582591822
Cirrhosis due to alcohol,0.736240681716408,5.0,1.5,12.36240681716408
Chronic hepatitis C including cirrhosis,0.0725108098677912,5.0,1.5,5.725108098677913
Chronic hepatitis B including cirrhosis,0.06173245273453,5.0,1.5,5.6173245273453
Silicosis,0.1038998995341636,5.0,1.5,6.038998995341636
Paralytic ileus and intestinal obstruction,0.0169924364411472,5.0,1.5,5.1699243644114725
Gastritis and duodenitis,0.0015186148042666,5.0,1.5,5.015186148042666
Coal workers pneumoconiosis,0.1311653126246936,5.0,1.5,6.311653126246936
Other pneumoconiosis,0.0998332601991961,5.0,1.5,5.998332601991962
Asthma,0.0066677829242526,5.0,1.5,5.0666778292425265
Maternal obstructed labor and uterine rupture,0.0012846643419481,5.0,1.5,5.012846643419481
Ectopic pregnancy,0.0054079284384755,5.0,1.5,5.054079284384755
Neonatal preterm birth,0.0295796129335816,5.0,1.5,5.295796129335816
Asbestosis,0.15134473384787,5.0,1.5,6.5134473384786995
Peptic ulcer disease,0.0763317352518387,5.0,1.5,5.763317352518387
Hemolytic disease and other neonatal jaundice,0.0782561366488227,5.0,1.5,5.782561366488227
Neonatal encephalopathy due to birth asphyxia and trauma,0.5389685854527473,5.0,1.5,10.389685854527473
Protein-energy malnutrition,0.0022369237053707,5.0,1.5,5.022369237053707
Paratyphoid fever,0.0062761152457549,5.0,1.5,5.062761152457549
"Inguinal, femoral, and abdominal hernia",0.0068005630401801,5.0,1.5,5.0680056304018
Vascular intestinal disorders,0.0662778256351382,5.0,1.5,5.662778256351382
Pancreatitis,0.0435777242249557,5.0,1.5,5.435777242249556
Congenital musculoskeletal and limb anomalies,0.0040604036878116,5.0,1.5,5.040604036878116
Urogenital congenital anomalies,0.0155613388089671,5.0,1.5,5.155613388089671
Digestive congenital anomalies,0.1504715915265088,5.0,1.5,6.504715915265088
Total burden related to Non-alcoholic fatty liver disease (NAFLD),0.0027021048862805,5.0,1.5,5.027021048862805
Self-harm by firearm,0.4435673390394383,5.0,1.5,9.435673390394383
Physical violence by firearm,0.1445369691474371,5.0,1.5,6.4453696914743706
Physical violence by sharp object,0.0134515117816105,5.0,1.5,5.134515117816106
African trypanosomiasis,0.5957103991973497,5.0,1.5,10.957103991973497
Diabetes mellitus type 2,0.0794465646264331,5.0,1.5,5.794465646264331
Diabetes mellitus type 1,0.1848927907071314,5.0,1.5,6.848927907071314
Non-rheumatic degenerative mitral valve disease,0.0337788913718165,5.0,1.5,5.337788913718164
Nonalcoholic fatty liver disease including cirrhosis,0.0018464274436304,5.0,1.5,5.018464274436304
Non-rheumatic calcific aortic valve disease,0.1379617699722982,5.0,1.5,6.379617699722981
Typhoid fever,0.0116637553665844,5.0,1.5,5.116637553665844
"Myelodysplastic, myeloproliferative, and other hematopoietic neoplasms",0.2750369251114927,5.0,1.5,7.750369251114927
Zika virus,2.178820766270902e-06,5.0,1.5,5.000021788207663
Pyoderma,0.0001359000428285,5.0,1.5,5.001359000428285
Invasive Non-typhoidal Salmonella (iNTS),0.1267446559721788,5.0,1.5,6.267446559721788
Chronic lymphoid leukemia,0.3487302581991209,5.0,1.5,8.487302581991209
Acute lymphoid leukemia,0.5884899723923421,5.0,1.5,10.884899723923422
Chronic myeloid leukemia,0.4556054150676537,5.0,1.5,9.556054150676536
Acute myeloid leukemia,0.7082726626278177,5.0,1.5,12.082726626278177
Orofacial clefts,0.0180869562020951,5.0,1.5,5.180869562020951
Drug-susceptible tuberculosis,0.1155235509474831,5.0,1.5,6.1552355094748314
Other chromosomal abnormalities,0.0509043718204308,5.0,1.5,5.509043718204309
Myocarditis,0.0163226144424094,5.0,1.5,5.163226144424094
Other leukemia,0.7899839194495246,5.0,1.5,12.899839194495247
Conflict and terrorism,0.0038189845832741,5.0,1.5,5.038189845832742
Other unspecified infectious diseases,15.293593353646472,5.0,1.5,157.93593353646472
Rheumatoid arthritis,0.0448048921055589,5.0,1.5,5.448048921055589
"Other endocrine, metabolic, blood, and immune disorders",0.0415459273412846,5.0,1.5,5.415459273412846
G6PD deficiency,0.0015261946113387,5.0,1.5,5.015261946113387
Environmental heat and cold exposure,0.0251552206021386,5.0,1.5,5.251552206021386
Motor vehicle road injuries,0.0262424396159352,5.0,1.5,5.262424396159352
Poisoning by carbon monoxide,0.0481210392556823,5.0,1.5,5.481210392556823
Poisoning by other means,0.0205010529591963,5.0,1.5,5.205010529591964
Amphetamine use disorders,0.0111384067378793,5.0,1.5,5.1113840673787925
Neural tube defects,0.3431394728007042,5.0,1.5,8.431394728007042
Falls,0.0018704240974962,5.0,1.5,5.018704240974961
Drowning,0.3337810400573016,5.0,1.5,8.337810400573016
"Fire, heat, and hot substances",0.0150379268637055,5.0,1.5,5.150379268637055
Other road injuries,0.00550257335597,5.0,1.5,5.055025733559701
Cyclist road injuries,0.0088342676901018,5.0,1.5,5.088342676901018
Pedestrian road injuries,0.0347005591042898,5.0,1.5,5.347005591042898
Cocaine use disorders,0.0679306011867788,5.0,1.5,5.679306011867789
Motorcyclist road injuries,0.0476319120521999,5.0,1.5,5.476319120521999
Motor neuron disease,0.6541301495988473,5.0,1.5,11.541301495988474
Opioid use disorders,0.0623413146799068,5.0,1.5,5.623413146799068
Alcohol use disorders,0.002942829738381,5.0,1.5,5.02942829738381
Other neurological disorders,3.8128456216762334,5.0,1.5,43.12845621676233
Alzheimer's disease and other dementias,0.2109652871506593,5.0,1.5,7.109652871506594
Parkinson's disease,0.3084632433293055,5.0,1.5,8.084632433293056
Idiopathic epilepsy,0.0539400205876482,5.0,1.5,5.539400205876483
Other sexually transmitted infections,inf,6.0,1.2000000000000002,inf
Upper respiratory infections,2.049853618430792e-06,6.0,1.2000000000000002,6.000024598243421
Chlamydial infection,1.071284455579041e-05,6.0,1.2000000000000002,6.000128554134669
Maternal sepsis and other maternal infections,0.0026915250179564,6.0,1.2000000000000002,6.032298300215477
Neonatal sepsis and other neonatal infections,0.062328022814317,6.0,1.2000000000000002,6.7479362737718045
Lower respiratory infections,0.0103305693189389,6.0,1.2000000000000002,6.123966831827268
Urinary tract infections and interstitial nephritis,0.0006310069051092,6.0,1.2000000000000002,6.00757208286131
Gonococcal infection,1.3457796558560708e-05,6.0,1.2000000000000002,6.0001614935587035
Multidrug-resistant tuberculosis without extensive drug resistance,0.2159693929269154,4.0,1.2,5.727755143415323
Police conflict and executions,0.005379430622277,5.0,1.0,5.05379430622277
Electrocution,0.1038889268892415,5.0,1.0,6.038889268892415
Diarrheal diseases,0.0002732843293414,5.0,1.0,5.002732843293414
Down syndrome,0.4849713795980281,3.0,0.8999999999999999,5.9098282775881685
Adverse effects of medical treatment,0.0078443544176539,1.0,0.3,1.0156887088353077
Total Cancers excluding Non-melanoma skin cancer,0.5521777865876772,30.0,0.3,63.13066719526063
Non-melanoma skin cancer (squamous-cell carcinoma),0.030508336141798,10.0,0.1,10.610166722835961
Other skin and subcutaneous diseases,7.242477063379381e-06,5.0,0.05,5.000072424770634
Malignant skin melanoma,0.2052119042500335,5.0,0.05,7.052119042500335
